Workbook

Sheet 00_Datos_y_Supuestos
A1: Archivo Excel de ejemplo para respaldar los cálculos de los documentos de la asignatura "Asesoría Laboral en RRHH" de ENEB. Elaboración propia a partir del texto del curso, bibliografía, normativa y plataformas oficiales utilizadas para estos efectos.
A3: Datos maestros y supuestos del caso
A5: Dato | B5: Valor | C5: Unidad / condición | D5: Fuente / observación | F5: Fuente oficial | G5: URL
A6: Empresa | B6: Estudio Web M | D6: Dato recreado | F6: BOE - Orden PJC/297/2026 | G6: https://www.boe.es/eli/es/o/2026/03/30/pjc297
A7: Titular | B7: David Ortega Montesinos | D7: Dato del enunciado | F7: AEAT - Retenciones 2026 | G7: https://sede.agenciatributaria.gob.es/Sede/Retenciones.shtml
A8: Inicio actividad | B8: 01/06/2026 | D8: Dato recreado | F8: SEPE - Comunicación contratación | G8: https://www.sepe.es/HomeSepe/empresas/comunica-contratacion.html
A9: Centro de trabajo | B9: Calle Llull 120, 08005 Barcelona | D9: Dato recreado | F9: Importass - TGSS | G9: https://importass.seg-social.es/
A10: Actividad | B10: Diseño web e imagen corporativa | D10: Dato recreado
A11: CNAE-2025 | B11: 74.12 | D11: Actividades de diseño gráfico y comunicación visual
A12: IAE principal | B12: 843.9 | D12: Dato recreado para el caso
A13: CCC | B13: 08/1234567/00 | D13: Dato ficticio de uso académico; revisar antes de uso real
A14: Convenio | B14: Convenio colectivo estatal de empresas de publicidad | D14: Aplicado al caso
A15: SMI 2026 | B15: 1221 | C15: €/mes | D15: RD 126/2026
A16: Tope máximo cotización 2026 | B16: 5101.2 | C16: €/mes | D16: Orden PJC/297/2026
A17: Base mínima grupo 7 | B17: 1424.4 | C17: €/mes | D17: Orden PJC/297/2026
A18: AT/EP actividad | B18: 0.0175 | C18: % | D18: Tarifa CNAE grupo 74
A19: CC empresa | B19: 0.236 | C19: % | D19: Orden PJC/297/2026
A20: CC trabajador | B20: 0.047 | C20: % | D20: Orden PJC/297/2026
A21: Desempleo empresa indefinido | B21: 0.055 | C21: % | D21: Orden PJC/297/2026
A22: Desempleo trabajador indefinido | B22: 0.0155 | C22: % | D22: Orden PJC/297/2026
A23: Formación profesional empresa | B23: 0.006 | C23: % | D23: Orden PJC/297/2026
A24: Formación profesional trabajador | B24: 0.001 | C24: % | D24: Orden PJC/297/2026
A25: FOGASA empresa | B25: 0.002 | C25: % | D25: Orden PJC/297/2026
A26: MEI empresa | B26: 0.0075 | C26: % | D26: Orden PJC/297/2026
... A32: IRPF Rodrigo | B32: 0 | C32: % | D32: Parámetro según cálculo AEAT 2026 y supuestos académicos

Sheet 01_Juana
A1: Archivo Excel de ejemplo para respaldar los cálculos de los documentos de la asignatura "Asesoría Laboral en RRHH" de ENEB. Elaboración propia a partir del texto del curso, bibliografía, normativa y plataformas oficiales utilizadas para estos efectos.
A3: Nómina y coste empresarial — Juana González Palma
A5: Concepto | B5: Importe / base (€) | C5: Tasa | D5: Cuota trabajador (€) | E5: Cuota empresa (€) | F5: Organismo / destino | G5: Observación
A6: Salario base | B6: 1262.95
A7: Complemento conocimientos | B7: 120
A8: Complemento responsabilidad | B8: 80
A9: Transporte (extrasalarial) | B9: 60
A10: Prorrata pagas extraordinarias | B10: 315.74 | G10: Solo para base/cálculo según caso
A12: Cálculo de cotizaciones
A13: Contingencias comunes | B13: 1838.69 | C13: 0.047 | D13: =B13*C13 -> 86.41843 | E13: =B13*'00_Datos_y_Supuestos'!$B$19 -> 433.93084 | F13: TGSS | G13: Trabajador / empresa
A14: Desempleo | B14: 1838.69 | C14: 0.0155 | D14: =B14*C14 -> 28.499695 | E14: =B14*'00_Datos_y_Supuestos'!$B$21 -> 101.12795 | F14: TGSS | G14: Contratación indefinida
A15: Formación profesional | B15: 1838.69 | C15: 0.001 | D15: =B15*C15 -> 1.83869 | E15: =B15*'00_Datos_y_Supuestos'!$B$23 -> 11.03214 | F15: TGSS
A16: MEI | B16: 1838.69 | C16: 0.0015 | D16: =B16*C16 -> 2.758035 | E16: =B16*'00_Datos_y_Supuestos'!$B$26 -> 13.790175 | F16: TGSS
A17: FOGASA | B17: 1838.69 | E17: =B17*'00_Datos_y_Supuestos'!$B$25 -> 3.67738 | F17: TGSS | G17: Solo empresa
A18: AT/EP | B18: 1838.69 | E18: =B18*'00_Datos_y_Supuestos'!$B$18 -> 32.177075 | F18: TGSS | G18: Solo empresa
A20: Resumen
A21: Retribución bruta | B21: =SUM(B6:B9) -> 1522.95 | G21: Salario + complementos + transporte
A22: Total SS trabajador | B22: =SUM(D13:D16) -> 119.51485 | F22: TGSS | G22: Deducción trabajador
A23: IRPF | B23: =B21*'00_Datos_y_Supuestos'!$B$30 -> 0 | F23: AEAT | G23: Retención según cálculo AEAT
A24: Líquido trabajador | B24: =B21-B22-B23 -> 1403.4352
A25: Coste total empresa | B25: =B21+SUM(E13:E18) -> 2118.6856 | G25: Coste bolsillo mensual

Sheet 02_Hector
A1: Archivo Excel de ejemplo para respaldar los cálculos de los documentos de la asignatura "Asesoría Laboral en RRHH" de ENEB. Elaboración propia a partir del texto del curso, bibliografía, normativa y plataformas oficiales utilizadas para estos efectos.
A3: Nómina y coste empresarial — Héctor Véliz Poblete
A5: Concepto | B5: Importe / base (€) | C5: Tasa | D5: Cuota trabajador (€) | E5: Cuota empresa (€) | F5: Organismo / destino | G5: Observación
A6: Salario base | B6: 1396.65
A7: Complemento funcional | B7: 100
A8: Comisión 2 clientes | B8: 150
A9: Transporte (extrasalarial) | B9: 60
A10: Prorrata pagas extraordinarias | B10: 349.16 | G10: Solo para base/cálculo según caso
A11: Horas extraordinarias | B11: 39.97
A12: Cálculo de cotizaciones
A13: Contingencias comunes | B13: 2055.81 | C13: 0.047 | D13: =B13*C13 -> 96.62307 | E13: =B13*'00_Datos_y_Supuestos'!$B$19 -> 485.17116 | F13: TGSS
A14: Desempleo | B14: 2095.78 | C14: 0.0155 | D14: =B14*C14 -> 32.48459 | E14: =B14*'00_Datos_y_Supuestos'!$B$21 -> 115.2679 | F14: TGSS
A15: Formación profesional | B15: 2095.78 | C15: 0.001 | D15: =B15*C15 -> 2.09578 | E15: =B15*'00_Datos_y_Supuestos'!$B$23 -> 12.57468 | F15: TGSS
A16: MEI | B16: 2055.81 | C16: 0.0015 | D16: =B16*C16 -> 3.083715 | E16: =B16*'00_Datos_y_Supuestos'!$B$26 -> 15.418575 | F16: TGSS
A17: FOGASA | B17: 2095.78 | E17: =B17*'00_Datos_y_Supuestos'!$B$25 -> 4.19156 | F17: TGSS | G17: Solo empresa
A18: AT/EP | B18: 2095.78 | E18: =B18*'00_Datos_y_Supuestos'!$B$18 -> 36.67615 | F18: TGSS | G18: Solo empresa
A19: Cotización adicional horas extra | B19: 39.97 | C19: 0.047 | D19: =B19*C19 -> 1.87859 | E19: =B19*'00_Datos_y_Supuestos'!$B$28 -> 9.43292 | F19: TGSS | G19: 3 horas extraordinarias
A21: Resumen
A22: Retribución bruta | B22: =SUM(B6:B9)+B11 -> 1746.62 | G22: Incluye horas extra
A23: Total SS trabajador | B23: =SUM(D13:D16)+D19 -> 136.16575 | F23: TGSS
A24: IRPF | B24: =B22*'00_Datos_y_Supuestos'!$B$31 -> 0 | F24: AEAT
A25: Líquido trabajador | B25: =B22-B23-B24 -> 1610.4543
A26: Coste total empresa | B26: =B22+SUM(E13:E19) -> 2425.3529 | G26: Coste bolsillo mensual

Sheet 03_Rodrigo
A1: Archivo Excel de ejemplo para respaldar los cálculos de los documentos de la asignatura "Asesoría Laboral en RRHH" de ENEB. Elaboración propia a partir del texto del curso, bibliografía, normativa y plataformas oficiales utilizadas para estos efectos.
A3: Nómina y coste empresarial — Rodrigo Ríos Yévenes
A5: Concepto | B5: Importe / base (€) | C5: Tasa / cuota | D5: Cuota trabajador (€) | E5: Cuota empresa (€) | F5: Organismo / destino | G5: Observación
A6: Salario base proporcional 65% | B6: 982.03 | G6: Formación en alternancia
A7: Complemento diseño web | B7: 80
A8: Complemento disponibilidad técnica | B8: 50
A9: Prorrata pagas extraordinarias | B9: 245.51
A10: Transporte (extrasalarial) | B10: 60
A12: Cotización específica contrato de formación en alternancia
A13: Contingencias comunes | B13: Cuota fija 2026 | D13: 11.51 | E13: 57.72 | F13: TGSS | G13: Cuota específica
A14: AT/EP | B14: Cuota fija 2026 | D14: 0 | E14: 7.95 | F14: TGSS | G14: Solo empresa
A15: Desempleo | B15: Cuota específica 2026 | D15: 22.08 | E15: 78.34 | F15: TGSS | G15: Sujeto a régimen específico
A16: FOGASA | B16: Cuota fija 2026 | D16: 0 | E16: 4.38 | F16: TGSS | G16: Solo empresa
A17: Formación profesional | B17: Cuota fija 2026 | D17: 0.28 | E17: 2.16 | F17: TGSS
A18: MEI | B18: Cuota específica 2026 | D18: 2.14 | E18: 10.68 | F18: TGSS
A19: Bonificación contratación | B19: Bonificación aplicable | D19: -28 | E19: -91 | F19: TGSS | G19: Sujeta al cumplimiento de requisitos
A20: Total cotización efectiva | D20: =SUM(D13:D19) -> 8.01 | E20: =SUM(E13:E19) -> 70.23 | F20: TGSS | G20: Después de bonificación
A22: Resumen
A23: Retribución bruta | B23: =SUM(B6:B10) -> 1417.54
A24: SS trabajador efectiva | B24: =D20 -> 8.01 | F24: TGSS
A25: IRPF | B25: =B23*'00_Datos_y_Supuestos'!$B$32 -> 0 | F25: AEAT
A26: Líquido trabajador | B26: =B23-B24-B25 -> 1409.53
A27: Coste total empresa | B27: =B23+E20 -> 1487.77 | G27: Coste bolsillo mensual

Sheet 04_Coste_Empresa
A1: Archivo Excel de ejemplo para respaldar los cálculos de los documentos de la asignatura "Asesoría Laboral en RRHH" de ENEB. Elaboración propia a partir del texto del curso, bibliografía, normativa y plataformas oficiales utilizadas para estos efectos.
A3: Coste laboral mensual — visión del empresario
A5: Trabajador | B5: Retribución bruta (€) | C5: Cargas empresariales (€) | D5: Coste bolsillo mensual (€)
A6: Juana González Palma | B6: ='01_Juana'!B21 -> 1522.95 | C6: ='01_Juana'!B25-'01_Juana'!B21 -> 595.73556 | D6: ='01_Juana'!B25 -> 2118.6856
A7: Héctor Véliz Poblete | B7: ='02_Hector'!B22 -> 1746.62 | C7: ='02_Hector'!B26-'02_Hector'!B22 -> 678.73294 | D7: ='02_Hector'!B26 -> 2425.3529
A8: Rodrigo Ríos Yévenes | B8: ='03_Rodrigo'!B23 -> 1417.54 | C8: ='03_Rodrigo'!B27-'03_Rodrigo'!B23 -> 70.23 | D8: ='03_Rodrigo'!B27 -> 1487.77
A9: TOTAL PLANTILLA | B9: =SUM(B6:B8) -> 4687.11 | C9: =SUM(C6:C8) -> 1344.6985 | D9: =SUM(D6:D8) -> 6031.8085
A11: Nota: | B11: El coste bolsillo corresponde a la retribución bruta más las cargas empresariales efectivas. El detalle de cada cálculo se encuentra en las hojas individuales y sirve de respaldo para los anexos del trabajo.
B12: Los importes de Rodrigo consideran la bonificación bajo el supuesto académico de cumplimiento de requisitos.

Sheet 05_Obligaciones
A1: Archivo Excel de ejemplo para respaldar los cálculos de los documentos de la asignatura "Asesoría Laboral en RRHH" de ENEB. Elaboración propia a partir del texto del curso, bibliografía, normativa y plataformas oficiales utilizadas para estos efectos.
A3: Mapa de obligaciones, organismos y control de gestión
A5: Concepto / cálculo | B5: Quién soporta el importe | C5: Organismo / entidad | D5: Portal / medio | E5: Periodicidad / momento | F5: Dónde se calcula | G5: Observación
A6: Cotizaciones Seguridad Social - trabajador | B6: Trabajador (retenido por empresa) | C6: TGSS | D6: Importass / Sistema RED | E6: Mensual | F6: Hojas 01-03 | G6: La empresa descuenta e ingresa
A7: Cotizaciones Seguridad Social - empresa | B7: Empresa | C7: TGSS | D7: Importass / Sistema RED | E7: Mensual | F7: Hojas 01-03 | G7: Coste adicional empresa
A8: IRPF de nómina | B8: Trabajador (retenido por empresa) | C8: AEAT | D8: Sede electrónica AEAT | E8: Según obligaciones fiscales aplicables | F8: Hojas 01-03 | G8: Tipo obtenido mediante cálculo AEAT
A9: Comunicación de contratos | B9: Empresa / gestión administrativa | C9: SEPE | D9: Contrat@ | E9: Tras contratación, dentro del plazo aplicable | F9: Anexo contratos | G9: No es un coste salarial
A10: Afiliación / altas / bajas | B10: Empresa / gestión administrativa | C10: TGSS | D10: Importass / Sistema RED | E10: Cuando corresponda | F10: Anexos
A11: Apertura centro de trabajo | B11: Empresa / gestión administrativa | C11: Generalitat de Catalunya | D11: Canal Empresa | E11: Inicio / modificación cuando corresponda | F11: Desarrollo punto 1
A12: Finiquito e indemnización | B12: Empresa | C12: Trabajador / gestión laboral | D12: Documento de liquidación | E12: Al extinguir relación laboral | F12: Hoja 06 | G12: Separar conceptos salariales e indemnización
A14: Referencia rápida de portales
A15: TGSS / Importass | B15: https://importass.seg-social.es/
A16: AEAT / Retenciones | B16: https://sede.agenciatributaria.gob.es/Sede/Retenciones.shtml
A17: SEPE / Contratación | B17: https://www.sepe.es/HomeSepe/empresas/comunica-contratacion.html
A18: BOE | B18: https://www.boe.es/

Sheet 06_Finiquito_Juana
A1: Archivo Excel de ejemplo para respaldar los cálculos de los documentos de la asignatura "Asesoría Laboral en RRHH" de ENEB. Elaboración propia a partir del texto del curso, bibliografía, normativa y plataformas oficiales utilizadas para estos efectos.
A3: Finiquito e indemnización — Juana González Palma
A5: Concepto | B5: Dato / fórmula | C5: Importe (€) | D5: Observación
A6: Fecha inicio | B6: 01/06/2026
A7: Fecha extinción | B7: 30/06/2028 | D7: Supuesto académico
A8: Años de servicio | B8: 25 meses / 12 | D8: 2,0833 años
A9: Salario mensual salarial | B9: 1462.95 | D9: Excluye transporte extrasalarial
A10: Pagas extra anuales | B10: 3788.85 | D10: 3 × 1.262,95
A11: Salario anual regulador | C11: =B9*12+B10 -> 21344.25 | D11: 12 mensualidades salariales + 3 pagas extra
A12: Salario diario regulador | C12: =C11/365 -> 58.477397 | D12: Salario anual / 365
A13: Días indemnización | C13: =20*(25/12) -> 41.666667 | D13: 20 días por año de servicio
A14: Indemnización despido objetivo | C14: =C12*C13 -> 2436.5582 | D14: 20 días/año, máximo legal aplicable
A15: Salario y complementos junio | B15: 1522.95 | D15: Incluye transporte
A16: Vacaciones no disfrutadas (5 días) | C16: =C12*5 -> 292.38699 | D16: 5 días según caso
A17: Pagas extra pendientes | B17: 0 | C17: =B17 -> 0 | D17: Criterio académico adoptado: sin saldo adicional
A18: Finiquito bruto | C18: =B15+C16+C17 -> 1815.337 | D18: Salario junio + vacaciones + extra pendiente
A19: TOTAL BRUTO EXTINCIÓN | C19: =C18+C14 -> 4251.8952 | D19: Finiquito + indemnización

Sheet 07_Resumen_Gerencial
A1: Archivo Excel de ejemplo para respaldar los cálculos de los documentos de la asignatura "Asesoría Laboral en RRHH" de ENEB. Elaboración propia a partir del texto del curso, bibliografía, normativa y plataformas oficiales utilizadas para estos efectos.
A3: Resumen gerencial y simulación de externalización
A5: Trabajador | B5: Coste bolsillo mensual (€)
A6: Juana González Palma | B6: ='04_Coste_Empresa'!D6 -> 2118.6856
A7: Héctor Véliz Poblete | B7: ='04_Coste_Empresa'!D7 -> 2425.3529
A8: Rodrigo Ríos Yévenes | B8: ='04_Coste_Empresa'!D8 -> 1487.77
A9: TOTAL PLANTILLA | B9: =SUM(B6:B8) -> 6031.8085
A12: Simulador de externalización
A13: Puesto / trabajador | B13: Coste laboral actual (€) | C13: Coste proveedor externo (€) | D13: Diferencia mensual (€) | E13: Diferencia anual (€)
A14: Juana González Palma | B14: =B6 -> 2118.6856 | C14: 0 | D14: =B14-C14 -> 2118.6856 | E14: =D14*12 -> 25424.227
A15: Héctor Véliz Poblete | B15: =B7 -> 2425.3529 | C15: 0 | D15: =B15-C15 -> 2425.3529 | E15: =D15*12 -> 29104.235
A16: Rodrigo Ríos Yévenes | B16: =B8 -> 1487.77 | C16: 0 | D16: =B16-C16 -> 1487.77 | E16: =D16*12 -> 17853.24
A18: Interpretación
A19: Una diferencia positiva indica que el coste externo introducido es inferior al coste laboral actual. La comparación no incluye costes de extinción, transición, calidad, continuidad ni otros efectos organizativos.
